﻿Designator,Quantity,Value,Footprint,Package,MPN,DNP,Mount_Type,Description,Sim.Device,Sim.Pins,MF,Description_1,Price,Check_prices,STANDARD,PARTREV,SnapEDA_Link,MP,Availability,MANUFACTURER
"D1, D2, D3, D4",4,1N4001,D_DO-41_SOD81_P10.16mm_Horizontal,,,,tht,"50V 1A General Purpose Rectifier Diode, DO-41",D,1=K 2=A,,,,,,,,,,
"D5, D6, D7, D8",4,LED,LED_D5.0mm,,,,tht,Light emitting diode,,,,,,,,,,,,
"J1, J2, J3, J4",4,Screw_Terminal_01x03,TerminalBlock_bornier-3_P5.08mm,,,,tht,"Generic screw terminal, single row, 01x03, script generated (kicad-library-utils/schlib/autogen/connector/)",,,,,,,,,,,,
"J5, J6",2,Conn_01x02,PinHeader_1x02_P2.54mm_Vertical,,,,tht,"Generic connector, single row, 01x02, script generated (kicad-library-utils/schlib/autogen/connector/)",,,,,,,,,,,,
"K1, K2, K3, K4",4,JS1-5V-F,RELAY_JS1-5V-F,None,,,tht,,,,Panasonic Electric,"
                        
                            General Purpose Relay SPDT (1 Form C) 5VDC Coil Through Hole
                        
",None,https://www.snapeda.com/parts/JS1-5V-F/Panasonic/view-part/?ref=eda,MANUFACTURER RECOMMENDATIONS,N/A,https://www.snapeda.com/parts/JS1-5V-F/Panasonic/view-part/?ref=snap,JS1-5V-F,In Stock,PANASONIC
LoRaSX1,1,~,XCVR_RFM95W-868S2,,,,smt,,,,,,,,,,,,,
"Q1, Q2, Q3, Q4",4,2N3904,TO-92_Inline_Wide,,,,tht,"0.2A Ic, 40V Vce, Small Signal NPN Transistor, TO-92",,,,,,,,,,,,
"R1, R2, R3, R4, R5",5,R,R_Axial_DIN0207_L6.3mm_D2.5mm_P7.62mm_Horizontal,,,,tht,Resistor,,,,,,,,,,,,
U1,1,~,ILI9488,,,,tht,,,,,,,,,,,,,
U2,1,ESP32-S3-DevKitC,ESP32-S3-DevKitC,,,,tht,ESP32-S3-DevKitC,,,,,,,,,,,,
