﻿pos_x,pos_y,rotation,side,designator,mpn,pack,footprint,value,mount_type
138.0,-78.06,90.0,top,D1,,,D_DO-41_SOD81_P10.16mm_Horizontal,1N4001,tht
156.8,-78.68,90.0,top,D2,,,D_DO-41_SOD81_P10.16mm_Horizontal,1N4001,tht
174.8,-78.41,90.0,top,D3,,,D_DO-41_SOD81_P10.16mm_Horizontal,1N4001,tht
193.1,-78.53,90.0,top,D4,,,D_DO-41_SOD81_P10.16mm_Horizontal,1N4001,tht
131.35,-69.7,0.0,top,D5,,,LED_D5.0mm,LED,tht
149.66,-70.6,0.0,top,D6,,,LED_D5.0mm,LED,tht
167.725,-70.2,0.0,top,D7,,,LED_D5.0mm,LED,tht
185.71,-70.35,0.0,top,D8,,,LED_D5.0mm,LED,tht
123.72,-110.65,0.0,top,J1,,,TerminalBlock_bornier-3_P5.08mm,Screw_Terminal_01x03,tht
141.72,-110.55,0.0,top,J2,,,TerminalBlock_bornier-3_P5.08mm,Screw_Terminal_01x03,tht
162.22,-110.75,0.0,top,J3,,,TerminalBlock_bornier-3_P5.08mm,Screw_Terminal_01x03,tht
180.67,-110.55,0.0,top,J4,,,TerminalBlock_bornier-3_P5.08mm,Screw_Terminal_01x03,tht
102.1,-76.725,0.0,top,J5,,,PinHeader_1x02_P2.54mm_Vertical,Conn_01x02,tht
112.0,-81.05,0.0,top,J6,,,PinHeader_1x02_P2.54mm_Vertical,Conn_01x02,tht
128.5,-93.6375,-90.0,top,K1,,None,RELAY_JS1-5V-F,JS1-5V-F,tht
146.95,-93.65,-90.0,top,K2,,None,RELAY_JS1-5V-F,JS1-5V-F,tht
166.7,-93.75,-90.0,top,K3,,None,RELAY_JS1-5V-F,JS1-5V-F,tht
185.35,-93.6875,-90.0,top,K4,,None,RELAY_JS1-5V-F,JS1-5V-F,tht
111.3,-56.783273,-90.0,top,LoRaSX1,,,XCVR_RFM95W-868S2,~,smt
129.96,-76.91,0.0,top,Q1,,,TO-92_Inline_Wide,2N3904,tht
148.41,-77.46,0.0,top,Q2,,,TO-92_Inline_Wide,2N3904,tht
166.46,-77.01,0.0,top,Q3,,,TO-92_Inline_Wide,2N3904,tht
184.81,-77.36,0.0,top,Q4,,,TO-92_Inline_Wide,2N3904,tht
108.64,-75.5,0.0,top,R1,,,R_Axial_DIN0207_L6.3mm_D2.5mm_P7.62mm_Horizontal,R,tht
126.6,-68.49,-90.0,top,R2,,,R_Axial_DIN0207_L6.3mm_D2.5mm_P7.62mm_Horizontal,R,tht
145.15,-68.7,-90.0,top,R3,,,R_Axial_DIN0207_L6.3mm_D2.5mm_P7.62mm_Horizontal,R,tht
163.15,-68.29,-90.0,top,R4,,,R_Axial_DIN0207_L6.3mm_D2.5mm_P7.62mm_Horizontal,R,tht
181.35,-69.09,-90.0,top,R5,,,R_Axial_DIN0207_L6.3mm_D2.5mm_P7.62mm_Horizontal,R,tht
148.6564,-55.1952,180.0,bottom,U1,,,ILI9488,~,tht
131.16,-61.86,90.0,top,U2,,,ESP32-S3-DevKitC,ESP32-S3-DevKitC,tht
