﻿Designator,Quantity,Value,Footprint,Package,MPN,DNP,Mount_Type,Description
J1,1,Conn_01x02,PinHeader_1x02_P2.54mm_Vertical,,,,tht,"Generic connector, single row, 01x02, script generated (kicad-library-utils/schlib/autogen/connector/)"
J2,1,Conn_01x04,PinHeader_1x04_P2.54mm_Vertical_Humedad,,,,tht,"Generic connector, single row, 01x04, script generated (kicad-library-utils/schlib/autogen/connector/)"
J3,1,Conn_01x04,PinHeader_1x04_P2.54mm_Vertical_Suelo,,,,tht,"Generic connector, single row, 01x04, script generated (kicad-library-utils/schlib/autogen/connector/)"
J4,1,Conn_2Rows-17Pins,PinHeader_2x09_P2.54mm_Vertical,,,,tht,"Generic connector, double row, 17 pins, odd/even pin numbering scheme (row 1 odd numbers, row 2 even numbers), script generated (kicad-library-utils/schlib/autogen/connector/)"
LoRaSX1,1,~,XCVR_RFM95W-868S2,,,,smt,
MAX1,1,~,MAX3485,,,,tht,
"Q1, Q2",2,IRF540N,TO-220-3_Vertical,,,,tht,"33A Id, 100V Vds, HEXFET N-Channel MOSFET, TO-220"
"RG1, RG2, RS1, RS2",4,R,R_Axial_DIN0207_L6.3mm_D2.5mm_P7.62mm_Horizontal,,,,tht,Resistor
U1,1,ESP32-S3-DevKitC,ESP32-S3-DevKitC,,,,tht,ESP32-S3-DevKitC
