﻿pos_x,pos_y,rotation,side,designator,mpn,pack,footprint,value,mount_type
147.475,-138.0,90.0,top,J1,,,PinHeader_1x02_P2.54mm_Vertical,Conn_01x02,tht
161.67,-103.0,90.0,top,J2,,,PinHeader_1x04_P2.54mm_Vertical_Humedad,Conn_01x04,tht
156.2,-137.75,90.0,top,J3,,,PinHeader_1x04_P2.54mm_Vertical_Suelo,Conn_01x04,tht
151.0,-75.75,0.0,top,J4,,,PinHeader_2x09_P2.54mm_Vertical,Conn_2Rows-17Pins,tht
166.75,-88.25,-90.0,top,LoRaSX1,,,XCVR_RFM95W-868S2,~,smt
165.25,-115.75,180.0,top,MAX1,,,MAX3485,~,tht
154.25,-108.75,-90.0,top,Q1,,,TO-220-3_Vertical,IRF540N,tht
154.25,-122.25,-90.0,top,Q2,,,TO-220-3_Vertical,IRF540N,tht
147.0,-115.56,90.0,top,RG1,,,R_Axial_DIN0207_L6.3mm_D2.5mm_P7.62mm_Horizontal,R,tht
147.5,-121.75,-90.0,top,RG2,,,R_Axial_DIN0207_L6.3mm_D2.5mm_P7.62mm_Horizontal,R,tht
154.31,-102.5,180.0,top,RS1,,,R_Axial_DIN0207_L6.3mm_D2.5mm_P7.62mm_Horizontal,R,tht
154.56,-133.0,180.0,top,RS2,,,R_Axial_DIN0207_L6.3mm_D2.5mm_P7.62mm_Horizontal,R,tht
119.455,-81.00812,0.0,top,U1,,,ESP32-S3-DevKitC,ESP32-S3-DevKitC,tht
